Model,Validation MSE,Test MSE,Validation R2,Test R2
Linear Regression,4.016385728354657e-29,4.0856172508312244e-29,1.0,1.0
Decision Tree,2.863443939059071e-05,4.029595058063125e-05,0.9999995213755666,0.9999993339372972
Random Forest,2.9485727933294666e-05,3.8364053356126084e-05,0.9999995071462852,0.9999993658701507
SVM,0.014223420227294198,0.01758395446222579,0.9997622556407001,0.9997093500447175
